{
    "days": [
        1,
        2,
        3,
        4,
        5,
        6,
        7,
        8,
        9,
        10,
        11,
        12,
        13,
        14,
        15,
        16,
        17,
        18,
        19,
        20
    ],
    "burns": [
        "11.21",
        "44.75",
        "28.66",
        "26.33",
        "24.74",
        "19.92",
        "13.15",
        "11.00",
        "26.87",
        "21.07",
        "34.91",
        "23.70",
        "28.06",
        "24.37",
        "19.91",
        "17.89",
        "16.73",
        "15.58",
        "16.67",
        "14.90"
    ],
    "unclaims": [
        "0.00",
        "53.08",
        "72.17",
        "40.45",
        "21.83",
        "0.26",
        "38.93",
        "65.15",
        "24.39",
        "0.51",
        "11.95",
        "17.82",
        "7.45",
        "9.66",
        "38.48",
        "0.00",
        "19.59",
        "152.48",
        "65.49",
        "73.70"
    ],
    "emission": [
        2048,
        2048,
        2048,
        2048,
        2048,
        2048,
        2048,
        2048,
        2048,
        2048,
        2048,
        2048,
        2048,
        2048,
        2048,
        2048,
        2048,
        2048,
        2048,
        2048
    ],
    "totals": [
        11.21,
        55.96,
        84.62,
        110.95,
        135.69,
        155.61,
        168.76000000000002,
        179.76000000000002,
        206.63000000000002,
        227.70000000000002,
        262.61,
        286.31,
        314.37,
        338.74,
        358.65000000000003,
        376.54,
        393.27000000000004,
        408.85,
        425.52000000000004,
        440.42
    ],
    "claims": [
        2048,
        4042.92,
        6018.75,
        8026.3,
        10052.470000000001,
        12100.210000000001,
        14109.28,
        16092.130000000001,
        18115.74,
        20163.230000000003,
        22199.280000000002,
        24229.460000000003,
        26270.010000000002,
        28308.350000000002,
        30317.870000000003,
        32365.870000000003,
        34394.280000000006,
        36289.8,
        38272.310000000005,
        40246.61000000001
    ],
    "vether": [
        2048,
        4096,
        6144,
        8192,
        10240,
        12288,
        14336,
        16384,
        18432,
        20480,
        22528,
        24576,
        26624,
        28672,
        30720,
        32768,
        34816,
        36864,
        38912,
        40960
    ]
}