{
    "days": [
        1,
        2,
        3,
        4,
        5,
        6,
        7,
        8,
        9,
        10,
        11,
        12,
        13,
        14,
        15
    ],
    "burns": [
        "11.21",
        "44.75",
        "28.66",
        "26.33",
        "24.74",
        "19.92",
        "13.15",
        "11.00",
        "26.87",
        "21.07",
        "34.91",
        "23.70",
        "28.06",
        "24.37",
        "19.91"
    ],
    "unclaims": [
        "0.00",
        "53.08",
        "72.17",
        "40.45",
        "21.83",
        "0.26",
        "38.93",
        "65.15",
        "24.39",
        "1.48",
        "11.95",
        "18.68",
        "7.45",
        "29.58",
        "411.98"
    ],
    "emission": [
        2048,
        2048,
        2048,
        2048,
        2048,
        2048,
        2048,
        2048,
        2048,
        2048,
        2048,
        2048,
        2048,
        2048,
        2048
    ],
    "totals": [
        11.21,
        55.96,
        84.62,
        110.95,
        135.69,
        155.61,
        168.76000000000002,
        179.76000000000002,
        206.63000000000002,
        227.70000000000002,
        262.61,
        286.31,
        314.37,
        338.74,
        358.65000000000003
    ],
    "claims": [
        2048,
        4042.92,
        6018.75,
        8026.3,
        10052.470000000001,
        12100.210000000001,
        14109.28,
        16092.130000000001,
        18115.74,
        20162.260000000002,
        22198.31,
        24227.63,
        26268.18,
        28286.6,
        29922.62
    ],
    "vether": [
        2048,
        4096,
        6144,
        8192,
        10240,
        12288,
        14336,
        16384,
        18432,
        20480,
        22528,
        24576,
        26624,
        28672,
        30720
    ]
}