{
    "days": [
        1,
        2,
        3,
        4,
        5,
        6,
        7,
        8,
        9,
        10,
        11,
        12,
        13
    ],
    "burns": [
        "11.21",
        "44.75",
        "28.66",
        "26.33",
        "24.74",
        "19.92",
        "13.15",
        "11.00",
        "26.87",
        "21.07",
        "34.91",
        "23.70",
        "28.06"
    ],
    "unclaims": [
        "0.16",
        "53.08",
        "72.17",
        "40.45",
        "21.83",
        "0.26",
        "38.93",
        "65.15",
        "24.39",
        "1.48",
        "26.44",
        "40.71",
        "1455.00"
    ],
    "emission": [
        2048,
        2048,
        2048,
        2048,
        2048,
        2048,
        2048,
        2048,
        2048,
        2048,
        2048,
        2048,
        2048
    ],
    "totals": [
        11.21,
        55.96,
        84.62,
        110.95,
        135.69,
        155.61,
        168.76000000000002,
        179.76000000000002,
        206.63000000000002,
        227.70000000000002,
        262.61,
        286.31,
        314.37
    ],
    "claims": [
        2047.84,
        4042.76,
        6018.59,
        8026.14,
        10052.310000000001,
        12100.050000000001,
        14109.12,
        16091.970000000001,
        18115.58,
        20162.100000000002,
        22183.660000000003,
        24190.950000000004,
        24783.950000000004
    ],
    "vether": [
        2048,
        4096,
        6144,
        8192,
        10240,
        12288,
        14336,
        16384,
        18432,
        20480,
        22528,
        24576,
        26624
    ]
}