{
    "days": [
        1,
        2,
        3,
        4,
        5,
        6,
        7,
        8,
        9,
        10
    ],
    "burns": [
        "11.21",
        "44.75",
        "28.66",
        "26.33",
        "24.74",
        "19.92",
        "13.15",
        "11.00",
        "26.87",
        "21.07"
    ],
    "unclaims": [
        "5.64",
        "57.66",
        "179.34",
        "40.45",
        "21.83",
        "0.26",
        "38.93",
        "124.07",
        "60.31",
        "104.82"
    ],
    "emission": [
        2048,
        2048,
        2048,
        2048,
        2048,
        2048,
        2048,
        2048,
        2048,
        2048
    ],
    "totals": [
        11.21,
        55.96,
        84.62,
        110.95,
        135.69,
        155.61,
        168.76000000000002,
        179.76000000000002,
        206.63000000000002,
        227.70000000000002
    ],
    "claims": [
        2042.36,
        4032.7,
        5901.36,
        7908.91,
        9935.08,
        11982.82,
        13991.89,
        15915.82,
        17903.51,
        19846.69
    ],
    "vether": [
        2048,
        4096,
        6144,
        8192,
        10240,
        12288,
        14336,
        16384,
        18432,
        20480
    ]
}