{
    "days": [
        1,
        2,
        3,
        4,
        5,
        6,
        7,
        8,
        9,
        10,
        11,
        12,
        13,
        14,
        15,
        16,
        17,
        18,
        19,
        20,
        21,
        22,
        23,
        24,
        25,
        26,
        27,
        28
    ],
    "burns": [
        "11.21",
        "44.75",
        "28.66",
        "26.33",
        "24.74",
        "19.92",
        "13.15",
        "11.00",
        "26.87",
        "21.07",
        "34.91",
        "23.70",
        "28.06",
        "24.37",
        "19.91",
        "17.89",
        "16.73",
        "15.58",
        "16.67",
        "14.90",
        "15.02",
        "16.11",
        "20.81",
        "21.57",
        "21.41",
        "23.65",
        "27.11",
        "17.43"
    ],
    "unclaims": [
        "0.00",
        "53.08",
        "72.17",
        "40.45",
        "21.83",
        "0.26",
        "38.93",
        "65.15",
        "24.39",
        "0.51",
        "11.95",
        "17.82",
        "7.45",
        "8.40",
        "20.79",
        "0.00",
        "13.47",
        "86.76",
        "13.52",
        "18.70",
        "13.64",
        "12.80",
        "24.61",
        "18.99",
        "29.66",
        "95.24",
        "9.82",
        "173.44"
    ],
    "emission": [
        2048,
        2048,
        2048,
        2048,
        2048,
        2048,
        2048,
        2048,
        2048,
        2048,
        2048,
        2048,
        2048,
        2048,
        2048,
        2048,
        2048,
        2048,
        2048,
        2048,
        2048,
        2048,
        2048,
        2048,
        2048,
        2048,
        2048,
        2048
    ],
    "totals": [
        11.21,
        55.96,
        84.62,
        110.95,
        135.69,
        155.61,
        168.76000000000002,
        179.76000000000002,
        206.63000000000002,
        227.70000000000002,
        262.61,
        286.31,
        314.37,
        338.74,
        358.65000000000003,
        376.54,
        393.27000000000004,
        408.85,
        425.52000000000004,
        440.42,
        455.44,
        471.55,
        492.36,
        513.9300000000001,
        535.34,
        558.99,
        586.1,
        603.53
    ],
    "claims": [
        2048,
        4042.92,
        6018.75,
        8026.3,
        10052.470000000001,
        12100.210000000001,
        14109.28,
        16092.130000000001,
        18115.74,
        20163.230000000003,
        22199.280000000002,
        24229.460000000003,
        26270.010000000002,
        28309.61,
        30336.82,
        32384.82,
        34419.35,
        36380.59,
        38415.07,
        40444.37,
        42478.73,
        44513.93,
        46537.32,
        48566.33,
        50584.67,
        52537.43,
        54575.61,
        56450.17
    ],
    "vether": [
        2048,
        4096,
        6144,
        8192,
        10240,
        12288,
        14336,
        16384,
        18432,
        20480,
        22528,
        24576,
        26624,
        28672,
        30720,
        32768,
        34816,
        36864,
        38912,
        40960,
        43008,
        45056,
        47104,
        49152,
        51200,
        53248,
        55296,
        57344
    ]
}