{
    "days": [
        1,
        2,
        3,
        4,
        5,
        6
    ],
    "burns": [
        "11.21",
        "44.75",
        "28.66",
        "26.33",
        "24.74",
        "19.92"
    ],
    "unclaims": [
        "5.64",
        "57.66",
        "179.34",
        "59.89",
        "42.52",
        "173.39"
    ],
    "emission": [
        2048,
        2048,
        2048,
        2048,
        2048,
        2048
    ],
    "totals": [
        11.21,
        55.96,
        84.62,
        110.95,
        135.69,
        155.61
    ],
    "claims": [
        2042.36,
        4032.7,
        5901.36,
        7889.469999999999,
        9894.949999999999,
        11769.56
    ],
    "vether": [
        2048,
        4096,
        6144,
        8192,
        10240,
        12288
    ]
}